-- phpMyAdmin SQL Dump
-- version 4.9.5
-- https://www.phpmyadmin.net/
--
-- Host: localhost:3306
-- Generation Time: Jul 29, 2020 at 07:36 PM
-- Server version: 5.7.30-cll-lve
-- PHP Version: 7.3.6

SET SQL_MODE = "NO_AUTO_VALUE_ON_ZERO";
SET AUTOCOMMIT = 0;
START TRANSACTION;
SET time_zone = "+00:00";


/*!40101 SET @OLD_CHARACTER_SET_CLIENT=@@CHARACTER_SET_CLIENT */;
/*!40101 SET @OLD_CHARACTER_SET_RESULTS=@@CHARACTER_SET_RESULTS */;
/*!40101 SET @OLD_COLLATION_CONNECTION=@@COLLATION_CONNECTION */;
/*!40101 SET NAMES utf8mb4 */;

--
-- Database: `shape_PruebaMerqueo`
--

-- --------------------------------------------------------

--
-- Table structure for table `adonis_schema`
--

CREATE TABLE `adonis_schema` (
  `id` int(10) UNSIGNED NOT NULL,
  `name` varchar(255) DEFAULT NULL,
  `batch` int(11) DEFAULT NULL,
  `migration_time` timestamp NOT NULL DEFAULT CURRENT_TIMESTAMP
) ENGINE=MyISAM DEFAULT CHARSET=latin1;

--
-- Dumping data for table `adonis_schema`
--

INSERT INTO `adonis_schema` (`id`, `name`, `batch`, `migration_time`) VALUES
(1, '1595995891182_product_schema', 1, '2020-07-29 17:52:40'),
(2, '1595995900518_provider_schema', 1, '2020-07-29 17:52:41'),
(3, '1595995905581_order_schema', 1, '2020-07-29 17:52:41'),
(4, '1595995913943_orders_products_schema', 1, '2020-07-29 17:52:42'),
(5, '1595995921763_inventory_schema', 1, '2020-07-29 17:52:42');

-- --------------------------------------------------------

--
-- Table structure for table `inventories`
--

CREATE TABLE `inventories` (
  `id` int(10) UNSIGNED NOT NULL,
  `product_id` int(11) DEFAULT NULL,
  `quantity` int(11) DEFAULT NULL,
  `date` date DEFAULT NULL,
  `created_at` datetime DEFAULT NULL,
  `updated_at` datetime DEFAULT NULL
) ENGINE=MyISAM DEFAULT CHARSET=latin1;

--
-- Dumping data for table `inventories`
--

INSERT INTO `inventories` (`id`, `product_id`, `quantity`, `date`, `created_at`, `updated_at`) VALUES
(1, 1, 3, '2019-03-01', '2020-07-29 18:58:36', '2020-07-29 18:58:36'),
(2, 2, 3, '2019-03-01', '2020-07-29 18:58:36', '2020-07-29 18:58:36'),
(3, 3, 7, '2019-03-01', '2020-07-29 18:58:36', '2020-07-29 18:58:36'),
(4, 4, 8, '2019-03-01', '2020-07-29 18:58:37', '2020-07-29 18:58:37'),
(5, 5, 10, '2019-03-01', '2020-07-29 18:58:37', '2020-07-29 18:58:37'),
(6, 6, 15, '2019-03-01', '2020-07-29 18:58:37', '2020-07-29 18:58:37'),
(7, 7, 26, '2019-03-01', '2020-07-29 18:58:37', '2020-07-29 18:58:37'),
(8, 8, 11, '2019-03-01', '2020-07-29 18:58:37', '2020-07-29 18:58:38'),
(9, 9, 1, '2019-03-01', '2020-07-29 18:58:38', '2020-07-29 18:58:38'),
(10, 10, 8, '2019-03-01', '2020-07-29 18:58:38', '2020-07-29 18:58:38'),
(11, 11, 7, '2019-03-01', '2020-07-29 18:58:38', '2020-07-29 18:58:38'),
(12, 12, 8, '2019-03-01', '2020-07-29 18:58:39', '2020-07-29 18:58:39'),
(13, 13, 2, '2019-03-01', '2020-07-29 18:58:39', '2020-07-29 18:58:39'),
(14, 14, 1, '2019-03-01', '2020-07-29 18:58:39', '2020-07-29 18:58:39'),
(15, 15, 1, '2019-03-01', '2020-07-29 18:58:39', '2020-07-29 18:58:39'),
(16, 16, 9, '2019-03-01', '2020-07-29 18:58:39', '2020-07-29 18:58:39'),
(17, 17, 17, '2019-03-01', '2020-07-29 18:58:39', '2020-07-29 18:58:39'),
(18, 18, 8, '2019-03-01', '2020-07-29 18:58:40', '2020-07-29 18:58:40'),
(19, 19, 9, '2019-03-01', '2020-07-29 18:58:40', '2020-07-29 18:58:40'),
(20, 20, 9, '2019-03-01', '2020-07-29 18:58:40', '2020-07-29 18:58:40'),
(21, 21, 3, '2019-03-01', '2020-07-29 18:58:41', '2020-07-29 18:58:41'),
(22, 22, 6, '2019-03-01', '2020-07-29 18:58:41', '2020-07-29 18:58:41'),
(23, 23, 9, '2019-03-01', '2020-07-29 18:58:41', '2020-07-29 18:58:41'),
(24, 24, 9, '2019-03-01', '2020-07-29 18:58:41', '2020-07-29 18:58:41'),
(25, 25, 10, '2019-03-01', '2020-07-29 18:58:42', '2020-07-29 18:58:42'),
(26, 26, 40, '2019-03-01', '2020-07-29 18:58:42', '2020-07-29 18:58:42'),
(27, 27, 2, '2019-03-01', '2020-07-29 18:58:42', '2020-07-29 18:58:42'),
(28, 28, 3, '2019-03-01', '2020-07-29 18:58:42', '2020-07-29 18:58:42'),
(29, 29, 2, '2019-03-01', '2020-07-29 18:58:42', '2020-07-29 18:58:42'),
(30, 30, 1, '2019-03-01', '2020-07-29 18:58:43', '2020-07-29 18:58:43'),
(31, 31, 9, '2019-03-01', '2020-07-29 18:58:43', '2020-07-29 18:58:43'),
(32, 32, 10, '2019-03-01', '2020-07-29 18:58:43', '2020-07-29 18:58:43'),
(33, 33, 2, '2019-03-01', '2020-07-29 18:58:43', '2020-07-29 18:58:43'),
(34, 34, 3, '2019-03-01', '2020-07-29 18:58:43', '2020-07-29 18:58:43'),
(35, 35, 3, '2019-03-01', '2020-07-29 18:58:44', '2020-07-29 18:58:44'),
(36, 36, 6, '2019-03-01', '2020-07-29 18:58:44', '2020-07-29 18:58:44');

-- --------------------------------------------------------

--
-- Table structure for table `orders`
--

CREATE TABLE `orders` (
  `id` int(10) UNSIGNED NOT NULL,
  `priority` int(11) DEFAULT NULL,
  `address` varchar(255) DEFAULT NULL,
  `user` varchar(255) DEFAULT NULL,
  `deliveryDate` date DEFAULT NULL,
  `created_at` datetime DEFAULT NULL,
  `updated_at` datetime DEFAULT NULL
) ENGINE=MyISAM DEFAULT CHARSET=latin1;

--
-- Dumping data for table `orders`
--

INSERT INTO `orders` (`id`, `priority`, `address`, `user`, `deliveryDate`, `created_at`, `updated_at`) VALUES
(1, 1, 'KR 14 # 87 - 20 ', 'Sofia', '2019-03-01', '2020-07-29 18:54:17', '2020-07-29 18:54:17'),
(2, 1, 'KR 20 # 164A - 5 ', 'Angel', '2019-03-01', '2020-07-29 18:54:18', '2020-07-29 18:54:18'),
(3, 3, 'KR 13 # 74 - 38 ', 'Hocks', '2019-03-01', '2020-07-29 18:54:20', '2020-07-29 18:54:20'),
(4, 1, 'CL 93 # 12 - 9 ', 'Michael', '2019-03-01', '2020-07-29 18:54:22', '2020-07-29 18:54:22'),
(5, 1, 'CL 71 # 3 - 74 ', 'Bar de Alex', '2019-03-01', '2020-07-29 18:54:22', '2020-07-29 18:54:22'),
(6, 2, 'KR 20 # 134A - 5 ', 'Sabor Criollo', '2019-03-01', '2020-07-29 18:54:24', '2020-07-29 18:54:24'),
(7, 2, 'CL 80 # 14 - 38 ', 'El Pollo Rojo', '2019-03-01', '2020-07-29 18:54:26', '2020-07-29 18:54:26'),
(8, 7, 'KR 14 # 98 - 74 ', 'All Salad', '2019-03-01', '2020-07-29 18:54:28', '2020-07-29 18:54:28'),
(9, 1, 'KR 58 # 93 - 1 ', 'Parrilla y sabor', '2019-03-01', '2020-07-29 18:54:29', '2020-07-29 18:54:29'),
(15, 9, 'KR 14 # 87 - 20 ', 'Sofia', '2019-03-01', '2020-07-29 18:54:30', '2020-07-29 18:54:30'),
(10, 1, 'CL 93B # 17 - 12 ', 'restaurante yerbabuena ', '2019-03-01', '2020-07-29 18:54:30', '2020-07-29 18:54:30'),
(11, 10, 'KR 68D # 98A - 11 ', 'Luis David', '2019-03-01', '2020-07-29 18:54:32', '2020-07-29 18:54:32'),
(12, 2, 'AC 72 # 20 - 45 ', 'David Carruyo', '2019-03-01', '2020-07-29 18:54:34', '2020-07-29 18:54:34'),
(13, 3, 'KR 22 # 122 - 57 ', 'MARIO', '2019-03-01', '2020-07-29 18:54:36', '2020-07-29 18:54:36'),
(14, 8, 'KR 88 # 72A - 26 ', 'Harold', '2019-03-01', '2020-07-29 18:54:37', '2020-07-29 18:54:37');

-- --------------------------------------------------------

--
-- Table structure for table `orders_products`
--

CREATE TABLE `orders_products` (
  `id` int(10) UNSIGNED NOT NULL,
  `order_id` int(11) DEFAULT NULL,
  `product_id` int(11) DEFAULT NULL,
  `quantity` int(11) DEFAULT NULL,
  `created_at` datetime DEFAULT NULL,
  `updated_at` datetime DEFAULT NULL
) ENGINE=MyISAM DEFAULT CHARSET=latin1;

--
-- Dumping data for table `orders_products`
--

INSERT INTO `orders_products` (`id`, `order_id`, `product_id`, `quantity`, `created_at`, `updated_at`) VALUES
(1, 1, 1, 1, '2020-07-29 18:54:15', '2020-07-29 18:54:15'),
(2, 1, 2, 21, '2020-07-29 18:54:16', '2020-07-29 18:54:16'),
(3, 1, 37, 7, '2020-07-29 18:54:16', '2020-07-29 18:54:16'),
(4, 1, 3, 10, '2020-07-29 18:54:17', '2020-07-29 18:54:17'),
(5, 1, 4, 5, '2020-07-29 18:54:17', '2020-07-29 18:54:17'),
(6, 2, 5, 100, '2020-07-29 18:54:18', '2020-07-29 18:54:18'),
(7, 2, 6, 60, '2020-07-29 18:54:18', '2020-07-29 18:54:18'),
(8, 3, 7, 4, '2020-07-29 18:54:18', '2020-07-29 18:54:18'),
(9, 3, 8, 3, '2020-07-29 18:54:19', '2020-07-29 18:54:19'),
(10, 3, 9, 4, '2020-07-29 18:54:19', '2020-07-29 18:54:19'),
(11, 3, 10, 8, '2020-07-29 18:54:20', '2020-07-29 18:54:20'),
(12, 3, 11, 5, '2020-07-29 18:54:20', '2020-07-29 18:54:20'),
(13, 4, 12, 3, '2020-07-29 18:54:20', '2020-07-29 18:54:20'),
(14, 4, 13, 2, '2020-07-29 18:54:21', '2020-07-29 18:54:21'),
(15, 4, 14, 4, '2020-07-29 18:54:21', '2020-07-29 18:54:21'),
(16, 4, 4, 2, '2020-07-29 18:54:21', '2020-07-29 18:54:21'),
(17, 4, 15, 3, '2020-07-29 18:54:22', '2020-07-29 18:54:22'),
(18, 5, 16, 1500, '2020-07-29 18:54:22', '2020-07-29 18:54:22'),
(19, 6, 17, 2, '2020-07-29 18:54:23', '2020-07-29 18:54:23'),
(20, 6, 18, 3, '2020-07-29 18:54:23', '2020-07-29 18:54:23'),
(21, 6, 15, 2, '2020-07-29 18:54:23', '2020-07-29 18:54:23'),
(22, 6, 19, 2, '2020-07-29 18:54:24', '2020-07-29 18:54:24'),
(23, 6, 20, 3, '2020-07-29 18:54:24', '2020-07-29 18:54:24'),
(24, 7, 21, 3, '2020-07-29 18:54:25', '2020-07-29 18:54:25'),
(25, 7, 22, 2, '2020-07-29 18:54:25', '2020-07-29 18:54:25'),
(26, 7, 23, 2, '2020-07-29 18:54:26', '2020-07-29 18:54:26'),
(27, 7, 39, 4, '2020-07-29 18:54:26', '2020-07-29 18:54:26'),
(28, 7, 24, 15, '2020-07-29 18:54:26', '2020-07-29 18:54:26'),
(29, 8, 25, 3, '2020-07-29 18:54:27', '2020-07-29 18:54:27'),
(30, 8, 26, 2, '2020-07-29 18:54:27', '2020-07-29 18:54:27'),
(31, 8, 22, 4, '2020-07-29 18:54:28', '2020-07-29 18:54:28'),
(32, 8, 27, 1, '2020-07-29 18:54:28', '2020-07-29 18:54:28'),
(33, 8, 5, 1, '2020-07-29 18:54:28', '2020-07-29 18:54:28'),
(34, 9, 22, 1, '2020-07-29 18:54:29', '2020-07-29 18:54:29'),
(35, 15, 28, 1, '2020-07-29 18:54:30', '2020-07-29 18:54:30'),
(36, 10, 7, 1, '2020-07-29 18:54:30', '2020-07-29 18:54:30'),
(37, 11, 41, 1, '2020-07-29 18:54:31', '2020-07-29 18:54:31'),
(38, 11, 19, 6, '2020-07-29 18:54:31', '2020-07-29 18:54:31'),
(39, 11, 29, 1, '2020-07-29 18:54:31', '2020-07-29 18:54:31'),
(40, 11, 17, 1, '2020-07-29 18:54:32', '2020-07-29 18:54:32'),
(41, 11, 30, 1, '2020-07-29 18:54:32', '2020-07-29 18:54:32'),
(42, 12, 7, 1, '2020-07-29 18:54:33', '2020-07-29 18:54:33'),
(43, 12, 25, 2, '2020-07-29 18:54:33', '2020-07-29 18:54:33'),
(44, 12, 5, 1, '2020-07-29 18:54:33', '2020-07-29 18:54:33'),
(45, 12, 31, 25, '2020-07-29 18:54:34', '2020-07-29 18:54:34'),
(46, 13, 43, 1, '2020-07-29 18:54:34', '2020-07-29 18:54:34'),
(47, 13, 30, 1, '2020-07-29 18:54:34', '2020-07-29 18:54:34'),
(48, 13, 32, 1, '2020-07-29 18:54:35', '2020-07-29 18:54:35'),
(49, 13, 33, 1, '2020-07-29 18:54:35', '2020-07-29 18:54:35'),
(50, 13, 28, 2, '2020-07-29 18:54:36', '2020-07-29 18:54:36'),
(51, 14, 16, 3, '2020-07-29 18:54:36', '2020-07-29 18:54:36'),
(52, 14, 34, 3, '2020-07-29 18:54:36', '2020-07-29 18:54:36'),
(53, 14, 35, 3, '2020-07-29 18:54:36', '2020-07-29 18:54:36'),
(54, 14, 12, 1, '2020-07-29 18:54:37', '2020-07-29 18:54:37'),
(55, 14, 36, 1, '2020-07-29 18:54:37', '2020-07-29 18:54:37');

-- --------------------------------------------------------

--
-- Table structure for table `products`
--

CREATE TABLE `products` (
  `id` int(10) UNSIGNED NOT NULL,
  `name` varchar(255) DEFAULT NULL,
  `provider_id` int(11) DEFAULT NULL,
  `created_at` datetime DEFAULT NULL,
  `updated_at` datetime DEFAULT NULL
) ENGINE=MyISAM DEFAULT CHARSET=latin1;

--
-- Dumping data for table `products`
--

INSERT INTO `products` (`id`, `name`, `provider_id`, `created_at`, `updated_at`) VALUES
(1, 'Leche', 1, '2020-07-29 18:54:15', '2020-07-29 18:56:12'),
(2, 'Huevos', 1, '2020-07-29 18:54:16', '2020-07-29 18:56:12'),
(37, 'Pan Bimbo', NULL, '2020-07-29 18:54:16', '2020-07-29 18:54:16'),
(3, 'Manzana Verde', 1, '2020-07-29 18:54:17', '2020-07-29 18:56:12'),
(4, 'Pepino Cohombro', 1, '2020-07-29 18:54:17', '2020-07-29 18:56:13'),
(5, 'Pimentón Rojo', 1, '2020-07-29 18:54:18', '2020-07-29 18:56:13'),
(6, 'Kiwi', 3, '2020-07-29 18:54:18', '2020-07-29 18:56:32'),
(7, 'Cebolla Cabezona Blanca Limpia', 3, '2020-07-29 18:54:18', '2020-07-29 18:56:32'),
(8, 'Habichuela', 3, '2020-07-29 18:54:19', '2020-07-29 18:56:32'),
(9, 'Mango Tommy Maduro', 3, '2020-07-29 18:54:19', '2020-07-29 18:56:32'),
(10, 'Tomate Chonto Pintón', 3, '2020-07-29 18:54:20', '2020-07-29 18:56:33'),
(11, 'Zanahoria Grande', 3, '2020-07-29 18:54:20', '2020-07-29 18:56:33'),
(12, 'Aguacate Maduro', 3, '2020-07-29 18:54:20', '2020-07-29 18:56:33'),
(13, 'Kale o Col Rizada', 3, '2020-07-29 18:54:21', '2020-07-29 18:56:33'),
(14, 'Cebolla Cabezona Roja Limpia', 3, '2020-07-29 18:54:21', '2020-07-29 18:56:34'),
(15, 'Tomate Chonto Maduro', 3, '2020-07-29 18:54:22', '2020-07-29 18:56:34'),
(16, 'Acelga', 2, '2020-07-29 18:54:22', '2020-07-29 18:56:31'),
(17, 'Espinaca Bogotana x 500grs', 2, '2020-07-29 18:54:23', '2020-07-29 18:56:31'),
(18, 'Ahuyama', 3, '2020-07-29 18:54:23', '2020-07-29 18:56:34'),
(19, 'Cebolla Cabezona Blanca Sin Pelar', 3, '2020-07-29 18:54:24', '2020-07-29 18:56:35'),
(20, 'Melón', 3, '2020-07-29 18:54:24', '2020-07-29 18:56:35'),
(21, 'Cebolla Cabezona Roja Sin Pelar', 3, '2020-07-29 18:54:25', '2020-07-29 18:56:35'),
(22, 'Cebolla Larga Junca x 500grs', 3, '2020-07-29 18:54:25', '2020-07-29 18:56:35'),
(23, 'Hierbabuena x 500grs', 3, '2020-07-29 18:54:26', '2020-07-29 18:56:35'),
(39, 'Lechuga Crespa Morada', NULL, '2020-07-29 18:54:26', '2020-07-29 18:54:26'),
(24, 'Lechuga Crespa Verde', 1, '2020-07-29 18:54:26', '2020-07-29 18:56:14'),
(25, 'Limón Tahití', 1, '2020-07-29 18:54:27', '2020-07-29 18:56:14'),
(26, 'Mora de Castilla', 1, '2020-07-29 18:54:27', '2020-07-29 18:56:14'),
(27, 'Pimentón Verde', 1, '2020-07-29 18:54:28', '2020-07-29 18:56:15'),
(28, 'Tomate Larga Vida Maduro', 2, '2020-07-29 18:54:30', '2020-07-29 18:56:28'),
(41, 'Banano', NULL, '2020-07-29 18:54:31', '2020-07-29 18:54:31'),
(29, 'Cilantro x 500grs', 2, '2020-07-29 18:54:31', '2020-07-29 18:56:29'),
(30, 'Fresa Jugo', 2, '2020-07-29 18:54:32', '2020-07-29 18:56:29'),
(31, 'Papa R-12 Mediana', 2, '2020-07-29 18:54:34', '2020-07-29 18:56:29'),
(43, 'Banano', NULL, '2020-07-29 18:54:34', '2020-07-29 18:54:34'),
(32, 'Curuba ', 2, '2020-07-29 18:54:35', '2020-07-29 18:56:29'),
(33, 'Brócoli', 2, '2020-07-29 18:54:35', '2020-07-29 18:56:30'),
(34, 'Aguacate Hass Pintón', 2, '2020-07-29 18:54:36', '2020-07-29 18:56:30'),
(35, 'Aguacate Hass Maduro ', 2, '2020-07-29 18:54:36', '2020-07-29 18:56:30'),
(36, 'Aguacate Pintón', 2, '2020-07-29 18:54:37', '2020-07-29 18:56:31');

-- --------------------------------------------------------

--
-- Table structure for table `providers`
--

CREATE TABLE `providers` (
  `id` int(10) UNSIGNED NOT NULL,
  `name` varchar(255) DEFAULT NULL,
  `created_at` datetime DEFAULT NULL,
  `updated_at` datetime DEFAULT NULL
) ENGINE=MyISAM DEFAULT CHARSET=latin1;

--
-- Dumping data for table `providers`
--

INSERT INTO `providers` (`id`, `name`, `created_at`, `updated_at`) VALUES
(1, 'Ruby', '2020-07-29 18:56:28', '2020-07-29 18:56:28'),
(2, 'Raul', '2020-07-29 18:56:31', '2020-07-29 18:56:31'),
(3, 'Angelica', '2020-07-29 18:56:36', '2020-07-29 18:56:36');

--
-- Indexes for dumped tables
--

--
-- Indexes for table `adonis_schema`
--
ALTER TABLE `adonis_schema`
  ADD PRIMARY KEY (`id`);

--
-- Indexes for table `inventories`
--
ALTER TABLE `inventories`
  ADD PRIMARY KEY (`id`);

--
-- Indexes for table `orders`
--
ALTER TABLE `orders`
  ADD PRIMARY KEY (`id`);

--
-- Indexes for table `orders_products`
--
ALTER TABLE `orders_products`
  ADD PRIMARY KEY (`id`);

--
-- Indexes for table `products`
--
ALTER TABLE `products`
  ADD PRIMARY KEY (`id`);

--
-- Indexes for table `providers`
--
ALTER TABLE `providers`
  ADD PRIMARY KEY (`id`);

--
-- AUTO_INCREMENT for dumped tables
--

--
-- AUTO_INCREMENT for table `adonis_schema`
--
ALTER TABLE `adonis_schema`
  MODIFY `id` int(10) UNSIGNED NOT NULL AUTO_INCREMENT, AUTO_INCREMENT=6;

--
-- AUTO_INCREMENT for table `inventories`
--
ALTER TABLE `inventories`
  MODIFY `id` int(10) UNSIGNED NOT NULL AUTO_INCREMENT, AUTO_INCREMENT=37;

--
-- AUTO_INCREMENT for table `orders`
--
ALTER TABLE `orders`
  MODIFY `id` int(10) UNSIGNED NOT NULL AUTO_INCREMENT, AUTO_INCREMENT=16;

--
-- AUTO_INCREMENT for table `orders_products`
--
ALTER TABLE `orders_products`
  MODIFY `id` int(10) UNSIGNED NOT NULL AUTO_INCREMENT, AUTO_INCREMENT=56;

--
-- AUTO_INCREMENT for table `products`
--
ALTER TABLE `products`
  MODIFY `id` int(10) UNSIGNED NOT NULL AUTO_INCREMENT, AUTO_INCREMENT=44;

--
-- AUTO_INCREMENT for table `providers`
--
ALTER TABLE `providers`
  MODIFY `id` int(10) UNSIGNED NOT NULL AUTO_INCREMENT, AUTO_INCREMENT=4;
COMMIT;

/*!40101 SET CHARACTER_SET_CLIENT=@OLD_CHARACTER_SET_CLIENT */;
/*!40101 SET CHARACTER_SET_RESULTS=@OLD_CHARACTER_SET_RESULTS */;
/*!40101 SET COLLATION_CONNECTION=@OLD_COLLATION_CONNECTION */;
